育	教育孩子很重要。	Воспитывать детей очень важно.
取	我去银行取钱。	Я иду в банк снять деньги.
层	这座楼一共有十层。	В этом здании всего десять этажей.
腿	他跑了很久，腿很累。	Он долго бежал, и ноги очень устали.
共	这是公共汽车站。	Это автобусная остановка.
街	我们去街上走走吧。	Давай пойдём прогуляемся по улице.
笔	这个笔记本是我的。	Этот блокнот мой.
鞋	这双鞋有点儿小。	Эти туфли немного маловаты.
惯	他还不习惯这里的天气。	Он ещё не привык к здешней погоде.
际	实际上，他是对的。	На самом деле он прав.
末	这个月末我要考试。	В конце этого месяца у меня экзамен.
推	他推着自行车回家。	Он катит велосипед домой.
喂	喂，请问你找谁？	Алло, вам кого?
流	下大雨了，河水流得很快。	Пошёл сильный дождь, и река течёт быстро.
表	我的表慢了五分钟。	Мои часы отстают на пять минут.
空	今天的天空很蓝。	Сегодня небо очень синее.
船	河上有一条小船。	На реке есть маленькая лодка.
养	他养成了早起的习惯。	У него выработалась привычка рано вставать.
遍	我找遍了房间，也没找到。	Я обыскал всю комнату, но так и не нашёл.
普	这是一个很普通的名字。	Это очень обычное имя.
瓶	这个瓶子是空的。	Эта бутылка пустая.
物	我们周末去动物园吧。	Давай в выходные сходим в зоопарк.
级	这是一家高级饭店。	Это ресторан высокого класса.
顺	请按顺序进来。	Входите, пожалуйста, по очереди.
借	我借给他一百块钱。	Я одолжил ему сто юаней.
安	路上注意安全。	Будь осторожен в дороге.
封	我需要一个信封。	Мне нужен конверт.
科	他很喜欢科学。	Он очень любит науку.
占	你帮我占个座位吧。	Займи мне, пожалуйста, место.
词	我买了一本词典。	Я купил словарь.
鸟	小鸟在树上唱歌。	Птичка поёт на дереве.
蓝	她穿着一条蓝裙子。	На ней синяя юбка.
纸	我每天早上看报纸。	Я каждое утро читаю газету.
背	我每天背十个生词。	Я каждый день заучиваю десять новых слов.
急	我有急事，先走了。	У меня срочное дело, я пойду.
疼	他牙疼，要去看医生。	У него болит зуб, ему нужно к врачу.
合	我们合作得很好。	Мы хорошо сотрудничаем.
态	他现在的状态不太好。	Сейчас он не в лучшей форме.
礼	他是一个很有礼貌的孩子。	Он очень вежливый ребёнок.
亮	天亮了，快起床吧。	Уже рассвело, скорее вставай.
篇	这篇课文很长。	Этот текст урока очень длинный.
味	饭菜的香味真好闻。	Еда так вкусно пахнет.
平	这条路很平。	Эта дорога очень ровная.
千	这个城市有一千多年的历史。	Истории этого города более тысячи лет.
墙	这面墙是白色的。	Эта стена белая.
板	我们公司的老板很年轻。	Начальник нашей компании очень молодой.
食	他晚上喜欢吃零食。	Он любит вечером перекусывать.
量	请帮我量一下体温。	Измерьте мне, пожалуйста, температуру.
黄	秋天到了，树叶变黄了。	Наступила осень, листья пожелтели.
色	这里的景色很美。	Здесь очень красивый пейзаж.
颜	这件衣服的颜色太深了。	Цвет этой одежды слишком тёмный.
吹	春风吹在脸上很舒服。	Весенний ветер приятно дует в лицо.
绩	他这次考试的成绩很好。	На этом экзамене у него очень хорошие оценки.
言	他会说三种语言。	Он говорит на трёх языках.
雪	孩子们在外面玩雪。	Дети играют в снегу на улице.
实	说实话，我不喜欢这个。	Честно говоря, мне это не нравится.
灯	前面是红灯，请停车。	Впереди красный свет, остановитесь.
阳	我们在阳台上喝茶。	Мы пьём чай на балконе.
爬	小孩子在地上爬。	Малыш ползает по полу.
喊	别喊了，大家都在睡觉。	Не кричи, все спят.
适	这双鞋大小正合适。	Эти туфли как раз по размеру.
游	鱼在水里游来游去。	Рыбы плавают туда-сюда в воде.
铁	这个门是铁做的。	Эта дверь сделана из железа.
骑	你会骑马吗？	Ты умеешь ездить верхом?
响	电话响了，快去接。	Телефон звонит, скорее ответь.
河	我们在河边散步。	Мы гуляем у реки.
练	教练让我们多跑步。	Тренер велит нам больше бегать.
举	知道的同学请举手。	Кто знает, поднимите руку.
租	这个房子的房租很贵。	Аренда этого дома очень дорогая.
舒	我今天不太舒服。	Мне сегодня нехорошо.
角	这个苹果三块五角。	Это яблоко стоит три с половиной юаня.
主	这是谁的主意？	Чья это идея?
闻	这朵花很好闻。	Этот цветок очень приятно пахнет.
草	请不要在草地上走。	Пожалуйста, не ходите по газону.
湖	我们在湖边坐了一会儿。	Мы немного посидели у озера.
静	别着急，冷静一点儿。	Не волнуйся, успокойся немного.
理	你说得很有道理。	То, что ты говоришь, очень разумно.
业	他大学毕业以后去了北京。	После окончания университета он уехал в Пекин.
绿	绿灯亮了，我们走吧。	Загорелся зелёный, пошли.
题	我有一个问题想问你。	У меня есть к тебе вопрос.
顾	顾客们都很满意。	Покупатели все очень довольны.
青	多吃青菜对身体好。	Есть больше зелени полезно для здоровья.
意	我同意你的看法。	Я согласен с твоим мнением.
思	他思考了很长时间。	Он долго размышлял.
便	请随便坐，别客气。	Садитесь, где удобно, не стесняйтесь.
宜	超市里的水果比较便宜。	Фрукты в супермаркете довольно дешёвые.
碰	我在路上碰到了老同学。	По дороге я встретил старого одноклассника.
碗	吃完饭，我来洗碗。	После еды я помою посуду.
广	电视上的广告太多了。	По телевизору слишком много рекламы.
夏	今年夏天我想去海边。	Этим летом я хочу поехать на море.
晨	他每天清晨去跑步。	Он каждый день рано утром бегает.
熟	我跟他很熟。	Я с ним хорошо знаком.
咱	咱们明天几点见面？	Во сколько мы завтра встречаемся?
亿	这个电影有两亿人看过。	Этот фильм посмотрели двести миллионов человек.
冬	我最喜欢冬天，因为可以玩雪。	Я больше всего люблю зиму, потому что можно играть в снегу.
云	今天天上一片云也没有。	Сегодня на небе ни облачка.
相	我们应该互相帮助。	Мы должны помогать друг другу.
于	他终于来了。	Наконец он пришёл.
例	我喜欢运动，例如游泳和跑步。	Я люблю спорт, например плавание и бег.
澡	我想先洗个澡再睡觉。	Хочу сначала помыться, а потом лечь спать.
姓	我们班有三个人同姓。	В нашем классе у троих одинаковая фамилия.
篮	桌子上有一个水果篮。	На столе стоит корзинка с фруктами.
刻	他立刻回答了我的问题。	Он сразу ответил на мой вопрос.
参	明天我们去参观一个工厂。	Завтра мы поедем на экскурсию на завод.
观	观众很喜欢这个节目。	Зрителям очень нравится эта передача.
阴	天阴了，可能要下雨。	Небо затянуло тучами, наверное, будет дождь.
凉	天凉了，多穿点儿衣服。	Похолодало, оденься потеплее.
椅	这把椅子坏了。	Этот стул сломался.
忽	不要忽视小问题。	Не стоит пренебрегать мелкими проблемами.
脏	你的手很脏，快去洗手。	У тебя грязные руки, иди помой их.
饱	我还没吃饱，再来一碗。	Я ещё не наелся, дайте ещё миску.
斤	这个西瓜有十斤重。	Этот арбуз весит десять цзиней.
旅	这次旅行很有意思。	Эта поездка была очень интересной.
复	请你再重复一遍。	Повтори, пожалуйста, ещё раз.
堂	我们去食堂吃饭吧。	Пойдём поедим в столовой.
秋	北京的秋天最美。	Осень в Пекине самая красивая.
护	她是一名护士。	Она медсестра.
英	他是我们心中的英雄。	Он герой в наших сердцах.
温	今天的气温很高。	Сегодня высокая температура воздуха.
然	他虽然很累，但是很高兴。	Хотя он очень устал, он очень рад.
印	请帮我打印这个文件。	Распечатайте мне, пожалуйста, этот файл.
园	孩子们在花园里玩。	Дети играют в саду.
晴	雨停了，天晴了。	Дождь прекратился, и прояснилось.
筷	桌子上有两双筷子。	На столе две пары палочек.
餐	这家餐厅的菜很好吃。	В этом ресторане очень вкусная еда.
饺	妈妈包的饺子最好吃。	Пельмени, которые лепит мама, самые вкусные.
利	这对大家都有利。	Это выгодно всем.
典	我喜欢听古典音乐。	Я люблю слушать классическую музыку.
春	春节是中国最重要的节日。	Праздник Весны — самый важный праздник в Китае.
音	他说话的声音很大。	Он говорит очень громко.
把	他手里拿着一把雨伞。	Он держит в руке зонт.
被	冬天要盖厚被子。	Зимой нужно укрываться толстым одеялом.
将	飞机将在十点起飞。	Самолёт вылетит в десять часов.
始	他始终没有说话。	Он так и не сказал ни слова.
并	我们把两张桌子并在一起。	Мы сдвинули два стола вместе.
死	今天热死了！	Сегодня жара невыносимая!
种	春天我们在院子里种花。	Весной мы сажаем цветы во дворе.
希	这是我最大的希望。	Это моя самая большая надежда.
望	他站在山上望着远方。	Он стоит на горе и смотрит вдаль.
界	这是世界上最高的山。	Это самая высокая гора в мире.
况	他的身体状况很好。	У него хорошее здоровье.
赛	他在比赛中得了第一名。	Он занял первое место в соревновании.
继	雨停了，我们继续走吧。	Дождь кончился, давай пойдём дальше.
张	别紧张，慢慢说。	Не волнуйся, говори медленно.
内	他喜欢室内运动。	Он любит заниматься спортом в помещении.
总	总的来说，这次旅行很好。	В целом эта поездка была хорошей.
每	每个人都有自己的爱好。	У каждого есть свои увлечения.
美	她长得很美。	Она очень красивая.
何	如果有任何问题，请问我。	Если будут какие-либо вопросы, спрашивайте меня.
此	从此以后，他再也没来过。	С тех пор он больше не приходил.
连	他连饭都没吃就走了。	Он ушёл, даже не поев.
解	我很了解他。	Я хорошо его знаю.
功	他每天都很用功。	Он каждый день усердно занимается.
束	他送给我一束花。	Он подарил мне букет цветов.
转	请把这个消息转告他。	Пожалуйста, передайте ему эту новость.
式	他喜欢穿中式衣服。	Он любит носить одежду в китайском стиле.
强	他的学习能力很强。	У него сильные способности к учёбе.
管	不管多难，我都要学好汉语。	Как бы ни было трудно, я обязательно выучу китайский.
曾	我们曾在一起工作过。	Мы когда-то работали вместе.
拍	大家拍手欢迎他。	Все встретили его аплодисментами.
证	我保证明天不迟到。	Обещаю завтра не опаздывать.
根	他根本不知道这件事。	Он вообще ничего об этом не знает.
戏	我们晚上去看京戏吧。	Давай вечером сходим на пекинскую оперу.
较	我们来比较一下这两本书。	Давай сравним эти две книги.
除	除了汉语，他还会说英语。	Кроме китайского, он ещё говорит по-английски.
区	这两个词有什么区别？	Какая разница между этими двумя словами?
指	他的手指很长。	У него длинные пальцы.
神	这个故事很神奇。	Эта история просто удивительная.
双	我们双方都同意了。	Обе стороны согласились.
持	他坚持每天跑步。	Он упорно бегает каждый день.
首	我很喜欢这首歌。	Мне очень нравится эта песня.
按	请按时完成作业。	Пожалуйста, выполняйте домашнее задание вовремя.
线	我们坐地铁一号线去。	Мы поедем по первой линии метро.
台	这台电脑是新买的。	Этот компьютер куплен недавно.
显	他的进步很明显。	Его прогресс очень заметен.
伤	听到这个消息，她很伤心。	Услышав эту новость, она очень расстроилась.
另	我们另找时间再谈吧。	Давай поговорим в другой раз.
简	这简直太好了！	Это просто замечательно!
血	他流了很多血。	Он потерял много крови.
底	到底发生了什么事？	Что же всё-таки случилось?
绝	他拒绝了我的帮助。	Он отказался от моей помощи.
坚	他的态度很坚定。	Его позиция очень твёрдая.
派	我们今晚有一个派对。	Сегодня вечером у нас вечеринка.
技	科技发展得很快。	Наука и техника развиваются очень быстро.
术	他下个星期要做手术。	На следующей неделе ему будут делать операцию.
性	这种可能性很小。	Такая вероятность очень мала.
约	他大约四十岁。	Ему примерно сорок лет.
抓	警察抓住了小偷。	Полиция поймала вора.
光	饭菜都被吃光了。	Всю еду съели подчистую.
义	保护环境是每个人的义务。	Охранять окружающую среду — обязанность каждого.
亲	妈妈亲了一下孩子。	Мама поцеловала ребёнка.
金	他每个月都能拿到奖金。	Каждый месяц он получает премию.
展	我们去看画展吧。	Пойдём на выставку картин.
谈	他们在谈生意。	Они ведут деловые переговоры.
负	这次比赛的胜负不重要。	Победа или поражение в этом матче неважны.
责	这不是他的错，别责怪他。	Это не его вина, не вини его.
易	这件衣服很容易洗。	Эту одежду легко стирать.
父	我的父亲是医生。	Мой отец врач.
母	母亲节快到了。	Скоро День матери.
城	周末我们去城外玩。	В выходные мы поедем отдохнуть за город.
敢	我不敢一个人走夜路。	Я боюсь ходить ночью одна.
某	某个同学把书忘在这儿了。	Какой-то ученик забыл здесь книгу.
支	这个月的支出很大。	Расходы в этом месяце большие.
议	我建议你早点儿休息。	Я советую тебе пораньше лечь отдыхать.
幸	我们一家人生活得很幸福。	Наша семья живёт очень счастливо.
至	他工作到半夜，甚至没吃饭。	Он работал до полуночи и даже не поел.
失	这次考试我失败了。	Я провалил этот экзамен.
赢	这次比赛谁赢了？	Кто выиграл этот матч?
步	你的汉语进步很大。	Твой китайский сильно улучшился.
婚	他们下个月举行婚礼。	Они сыграют свадьбу в следующем месяце.
训	这是一个很好的教训。	Это хороший урок.
深	夜深了，大家都睡了。	Стояла глубокая ночь, все уже спали.
各	各种水果这里都有。	Здесь есть всякие фрукты.
示	老师给我们示范了一遍。	Учитель один раз показал нам, как надо делать.
历	他的经历很丰富。	У него богатый жизненный опыт.
仍	虽然下雨，他仍然去上班了。	Хотя шёл дождь, он всё равно пошёл на работу.
仅	他不仅会唱歌，还会跳舞。	Он не только поёт, но и танцует.
挂	他把衣服挂在门后。	Он повесил одежду за дверью.
基	他基本上同意我的看法。	В основном он согласен с моим мнением.
类	人类需要水和空气。	Человечеству нужны вода и воздух.
专	你的专业是什么？	Какая у тебя специальность?
跳	他跳得很高。	Он прыгает очень высоко.
注	上课时要注意听讲。	На уроке нужно внимательно слушать.
演	她是一位有名的演员。	Она известная актриса.
值	这个手机不值这么多钱。	Этот телефон не стоит таких денег.
规	开车要注意交通规则。	За рулём нужно соблюдать правила дорожного движения.
产	这家公司的产品很受欢迎。	Продукция этой компании очень популярна.
群	山上有一群羊。	На горе пасётся стадо овец.
境	这里的学习环境很好。	Здесь хорошие условия для учёбы.
祝	我们一起庆祝你的生日。	Давай вместе отпразднуем твой день рождения.
乱	别乱扔垃圾。	Не бросай мусор где попало.
待	我们期待你的到来。	Мы ждём твоего приезда.
救	医生救了他的命。	Врач спас ему жизнь.
断	他打断了我的话。	Он перебил меня.
容	这本书的内容很有意思。	Содержание этой книги очень интересное.
媒	他在一家媒体公司工作。	Он работает в медиакомпании.
痛	打针一点儿也不痛。	Укол — это совсем не больно.
众	这个节目受到了大众的欢迎。	Эта передача стала популярной у широкой публики.
化	我对中国文化很感兴趣。	Меня очень интересует китайская культура.
丽	她穿了一件美丽的裙子。	Она надела красивое платье.
追	我追不上他。	Я не могу его догнать.
验	他有很多工作经验。	У него большой опыт работы.
破	杯子被打破了。	Чашку разбили.
刀	小心，这把刀很快。	Осторожно, этот нож очень острый.
反	这件衣服你穿反了。	Ты надел эту одежду наизнанку.
传	这是一个古老的传说。	Это древняя легенда.
误	对不起，我误会你了。	Прости, я тебя неправильно понял.
录	请先看一下目录。	Сначала посмотрите, пожалуйста, оглавление.
整	他整天都在玩手机。	Он целый день сидит в телефоне.
精	这件事花了我很多精力。	Это дело отняло у меня много сил.
朝	我们家的窗户朝南。	Окна нашей квартиры выходят на юг.
范	这次考试的范围很大。	На этот экзамен выносится много материала.
围	他围着湖跑了三圈。	Он пробежал три круга вокруг озера.
怪	难怪他今天不高兴。	Неудивительно, что он сегодня не в духе.
苦	这个药很苦。	Это лекарство очень горькое.
效	他工作很有效率。	Он работает очень эффективно.
架	他们两个人吵架了。	Они двое поссорились.
济	现在的经济情况怎么样？	Как сейчас обстоят дела с экономикой?
伟	这是一个伟大的发明。	Это великое изобретение.
哈	他听了哈哈大笑。	Услышав это, он громко расхохотался.
输	请输入你的名字。	Пожалуйста, введите своё имя.
极	他上班极少迟到。	Он крайне редко опаздывает на работу.
皮	这个孩子很调皮。	Этот ребёнок очень озорной.
牌	我们来打牌吧。	Давай поиграем в карты.
增	最近我的体重增加了不少。	В последнее время я сильно прибавил в весе.
员	这家饭店的服务员很热情。	Официанты в этом ресторане очень приветливые.
险	他买了一份保险。	Он купил страховку.
落	太阳落山了。	Солнце село.
程	他是一名工程师。	Он инженер.
代	现代人都很忙。	Современные люди очень заняты.
宣	他们在宣传新产品。	Они рекламируют новый продукт.
姑	我姑姑住在北京。	Моя тётя живёт в Пекине.
娘	新娘今天真漂亮。	Невеста сегодня очень красивая.
造	这家工厂制造汽车。	Этот завод производит автомобили.
调	我们要调查这件事。	Нам нужно расследовать это дело.
艺	他的手艺很好。	У него золотые руки.
麻	我的腿麻了。	У меня онемела нога.
烦	我很烦，不想说话。	Я раздражён и не хочу разговаривать.
武	他们手里都有武器。	У всех них в руках оружие.
害	他是一个很厉害的人。	Он очень сильный и способный человек.
龙	我喜欢看龙舟比赛。	Я люблю смотреть гонки на лодках-драконах.
足	他对现在的生活很满足。	Он доволен своей нынешней жизнью.
配	我想配一副眼镜。	Я хочу заказать себе очки.
猪	我不吃猪肉。	Я не ем свинину.
保	请保存好这张票。	Пожалуйста, сохраните этот билет.
团	我们参加了一个旅游团。	Мы присоединились к туристической группе.
紧	时间很紧，我们快走吧。	Времени мало, давай скорее пойдём.
概	这个概念很难理解。	Это понятие трудно понять.
顿	他说到这里，停顿了一下。	Дойдя до этого места, он сделал паузу.
志	他从小就立志当医生。	С детства он мечтал стать врачом.
杂	这个问题很复杂。	Этот вопрос очень сложный.
达	我们明天早上到达北京。	Мы прибудем в Пекин завтра утром.
胜	我们队最后战胜了对手。	Наша команда в итоге победила соперника.
压	别压坏了这个盒子。	Не раздави эту коробку.
舞	她在舞台上唱歌。	Она поёт на сцене.
建	这座桥是去年建成的。	Этот мост построили в прошлом году.
布	公司发布了新手机。	Компания выпустила новый телефон.
咖	这家咖啡馆很安静。	В этом кафе очень тихо.
啡	我不喜欢喝黑咖啡。	Я не люблю чёрный кофе.
采	记者采访了他。	Журналист взял у него интервью.
察	警察正在问他问题。	Полицейский задаёт ему вопросы.
续	我去办一下手续。	Я пойду оформлю документы.
切	一切都会好起来的。	Всё будет хорошо.
修	这条路正在修。	Эту дорогу сейчас ремонтируют.
价	这里的物价很高。	Здесь высокие цены.
旧	这些旧书可以送给我吗？	Можно мне забрать эти старые книги?
退	我想退这件衣服。	Я хочу вернуть эту одежду.
付	我用手机付钱。	Я плачу телефоном.
升	飞机慢慢升上了天空。	Самолёт медленно поднялся в небо.
营	这家商店营业到晚上十点。	Этот магазин работает до десяти вечера.
困	他遇到了很多困难。	Он столкнулся со многими трудностями.
初	我们初次见面，请多关照。	Мы видимся впервые, прошу любить и жаловать.
消	你听到这个消息了吗？	Ты слышал эту новость?
象	动物园里有一头大象。	В зоопарке есть слон.
浪	今天海上的浪很大。	Сегодня на море большие волны.
任	他担任我们的班长。	Он у нас староста класса.
香	我买了一瓶香水。	Я купила флакон духов.
章	我在读这本书的第三章。	Я читаю третью главу этой книги.
屋	屋外下着大雨。	На улице идёт сильный дождь.
费	这里上网是免费的。	Интернет здесь бесплатный.
防	冬天要注意预防感冒。	Зимой нужно беречься от простуды.
糖	你的咖啡要加糖吗？	Добавить тебе сахара в кофе?
领	他把我们领到了教室。	Он привёл нас в класс.
势	他用手势让我过去。	Он жестом подозвал меня.
导	导游带我们去参观了。	Гид повёл нас на экскурсию.
烟	这里不能抽烟。	Здесь нельзя курить.
赶	我们得赶快走了。	Нам надо поскорее идти.
存	请把这个文件存一下。	Сохраните, пожалуйста, этот файл.
桥	我们走过了那座桥。	Мы прошли по тому мосту.
迷	我在城里迷路了。	Я заблудился в городе.
础	他的汉语基础很好。	У него хорошая база китайского языка.
积	这个房子的面积很大。	Площадь этого дома большая.
烈	大家热烈欢迎他。	Все тепло его встретили.
汤	这个汤太咸了。	Этот суп слишком солёный.
恐	我不敢看恐怖电影。	Я боюсь смотреть фильмы ужасов.
搬	请帮我把箱子搬上去。	Помоги мне, пожалуйста, занести чемодан наверх.
命	生命是最重要的。	Жизнь — самое важное.
似	他似乎不太高兴。	Он, кажется, не очень рад.
尽	我会尽力帮助你。	Я сделаю всё возможное, чтобы помочь тебе.
及	现在去还来得及。	Если пойдём сейчас, ещё успеем.
具	这家店卖家具。	Этот магазин продаёт мебель.
厂	这个厂有一千多个工人。	На этом заводе больше тысячи рабочих.
形	这个形容词怎么用？	Как употреблять это прилагательное?
