就是	Тогда (就) и есть (是) — «именно так!»; а в паре с 也 ещё и «даже если».
需要	Нужно (需) и хочется (要) — значит, без этого никак: требуется.
开始	Открыть (开) начало (始) — то есть начинать.
希望	Надеяться (希) и смотреть вдаль (望) — глядеть вперёд с надеждой.
发生	Выпустить (发) на свет и родиться (生) — так что-то происходит, случается.
为了	Ради (为) плюс частица (了), здесь без значения завершённости, — вместе «чтобы, ради».
只是	Только (只) это и есть (是) — «лишь»; в начале фразы — «но только».
世界	Поколения (世) и границы (界) — время и пространство вместе дают целый мир.
情况	Чувства (情) и положение дел (况) — вот так и выглядит ситуация.
比赛	Сравниваться (比) силами в состязании (赛) — это соревнование, матч.
继续	Продолжать (继) и ещё раз продолжать (续) — двойное «продолжать».
关系	Связь (关) и связывать (系) — это отношения между людьми и вещами.
一切	Один (一) разрез (切) — всё целиком, одним махом: «всё».
任何	Любой (任) что (何) — «какой угодно, любой».
决定	Решить (决) и определить (定) — принять окончательное решение.
只有	Только (只) если есть (有) — «только если, только»: 只有你 — только ты.
如何	Как (如) что (何) — книжное «как, каким образом».
其实	Его (其) реальность (实) — то, как оно на самом деле.
当然	Быть (当) так (然) — так и должно быть, конечно!
消息	Исчезать (消) и дышать-расти (息) — древнее «убывание и рост»: весть о переменах, новость.
表现	Показать (表) и явить (现) — проявлять себя; поведение.
解决	Развязать (解) и решить (决) — разделаться с проблемой.
成功	Стать (成) заслугой (功) — дело удалось: успех.
结束	Завязать (结) и стянуть в пучок (束) — узел затянут, дело закончено.
调查	Настроиться (调) на дело и проверить (查) — провести опрос или расследование.
方式	Сторона (方) и образец (式) — с какой стороны и по какому образцу: способ.
美元	美 (красивый) — это сокращение от «Америка» 美国, а 元 — юань: американский юань, доллар.
处理	Находиться (处) при деле и наводить порядок (理) — обрабатывать, решать.
能力	Уметь (能) плюс сила (力) — сила умения: способность.
保护	Охранять (保) и защищать (护) — двойная защита.
支持	Подпирать (支) и держать (持) — поддерживать, как опора.
注意	Направить (注) мысли (意) на что-то — обратить внимание.
整个	Целый (整) отдельный предмет (个) — весь, целиком.
极了	Крайне (极) плюс частица (了) после прилагательного: 好极了 — «отлично!».
保证	Охранять (保) и удостоверять (证) — дать гарантию.
根本	Корень (根) и основа (本) — сама суть; отсюда «в корне, совершенно».
城市	Крепостная стена (城) и рынок (市) — вот и древний город.
目前	Перед (前) глазами (目) — то, что сейчас: в настоящее время.
游戏	Гулять (游) и забавляться (戏) — это игра.
比较	Сравнивать (比) и сравнивать (较) — по сравнению с другими: «довольно».
存在	Сохраняться (存) и находиться (在) — существовать.
终于	Конец (终) в (于) итоге — после долгого ожидания: наконец-то!
现场	Сейчас (现) на площадке (场) — место события, «прямо на месте».
下来	Вниз (下) сюда (来) — спускаться к говорящему.
个人	Отдельный (个) человек (人) — личность; личный.
除了	Убрать (除) плюс частица (了) — если убрать это: «кроме».
总是	Всегда (总) есть (是) так, без исключений, — значит, всегда.
精神	Суть (精) и дух (神) — дух, бодрость, энергия.
保持	Охранять (保) и держать (持) — сохранять, поддерживать.
代表	Заменять (代) других и показывать (表) их — представитель; представлять.
突然	Вдруг (突) так (然) — и случилось, без предупреждения: внезапно.
里面	Внутренняя (里) сторона (面) — всё, что внутри коробки или комнаты.
确定	Точно (确) определить (定) — определённый; определять.
目标	Метка (标) для глаза (目) — то, во что целишься: мишень, цель.
任务	Порученное (任) дело (务) — задача, задание.
容易	Вместить (容) легко (易) — лёгкий, простой.
联系	Соединять (联) и связывать (系) — связываться; связь.
合作	Соединиться (合) и делать (作) вместе — значит сотрудничать.
因此	По причине (因) этого (此) — вот и следствие: поэтому.
人员	Люди (人)-работники (员) — персонал, сотрудники.
报告	Сообщать (报) и извещать (告) — доклад; докладывать.
生命	Рождение-жизнь (生) и судьба-жизнь (命) — жизнь как таковая.
明显	Ясно (明) показывается (显), видно всем — значит, очевидный.
曾经	Когда-то (曾) уже прошёл (经) через это — «когда-то, уже было».
另外	Другое (另), извне (外) — кроме того; другой.
简单	Простой (简) и одиночный (单) — ничего лишнего: простой.
到底	Дойти (到) до дна (底) — в конце концов; «ну так что же?».
绝对	Абсолютно (绝) правильно (对) — абсолютный; абсолютно.
坚持	Твёрдо (坚) держать (持) — упорно продолжать, настаивать.
好好	Хорошо (好), повторённое дважды, — «как следует, хорошенько».
技术	Мастерство (技) и приём (术) — техника, технология.
设计	Устроить (设) по плану (计) — проектировать; дизайн.
利用	Использовать (用) с выгодой (利) — использовать.
建议	Выстроить (建) обсуждение (议) — предлагать; предложение.
各位	Каждое (各) почтенное место (位) — «уважаемые присутствующие».
意义	Смысл (意) и справедливость (义) — значение, смысл.
父亲	Отец (父), родной (亲) по крови, — так уважительно называют отца.
并且	Вместе (并) и к тому же (且) — «и, а также».
社会	Общество (社), собравшееся вместе (会), — общество.
下去	Вниз (下) прочь (去) — спускаться, а после глагола — «продолжать делать».
证明	Удостоверить (证) ясно (明) — доказывать; справка.
记者	Тот, кто (者) записывает (记), — журналист.
确实	Точно (确) и реально (实) — действительно.
发展	Выпустить (发) и развернуть (展) — развиваться.
至少	Достичь (至) хотя бы малого (少) — по меньшей мере.
负责	Нести (负) ответственность (责) — отвечать за что-то.
首先	Головой (首) вперёд, первым (先) — прежде всего.
交易	Передавать (交) и менять (易) — обмен товаром: сделка.
理解	Разумом (理) разобрать (解) по частям — значит понимать.
报道	Сообщать (报) и говорить (道 — тут в древнем значении «говорить») — репортаж.
父母	Отец (父) и мать (母) — вместе это родители.
安排	Спокойно (安) выстроить в ряд (排) — организовать, распланировать.
力量	Сила (力) в большом количестве (量) — это мощь, сила.
造成	Построить (造) и стать (成) результатом — вызвать, привести к.
人生	Жизнь (生) человека (人) — жизненный путь.
会议	Собрание (会) для обсуждения (议) — совещание.
幸福	Удача (幸) и счастье (福) вместе — настоящее счастье.
自然	Само (自) так (然) — то, что само собой: природа; естественно.
责任	Долг (责) и поручение (任) — ответственность.
失去	Потерять (失), и оно ушло (去), — потерять.
人民	Люди (人) и народ (民) — всё население страны: народ.
面对	Лицом (面) к (对) — встречать лицом к лицу.
事件	Дело (事)-штука (件), отдельный случай — событие, инцидент.
压力	Давящая (压) сила (力) — давление, стресс.
结婚	Завязать (结) брак (婚) — жениться, выйти замуж.
由于	Причина (由) в (于) этом — из-за, в связи с.
母亲	Мать (母), родная (亲) по крови, — так уважительно называют мать.
同意	Одинаковая (同) мысль (意) у двоих — значит соглашаться.
训练	Учить (训) и тренировать (练) — тренировка.
部门	Отдел (部) за своей дверью (门) — ведомство.
过程	Проходить (过) путь (程) шаг за шагом — это процесс, ход.
选手	Выбранная (选) рука (手, тут «мастер, исполнитель») — спортсмен.
仍然	Всё ещё (仍) так (然), как раньше, — значит по-прежнему.
显示	Показывать (显) и показывать (示) — двойной показ: демонстрировать.
属于	Принадлежать (属) к (于) чему-то — значит относиться к.
值得	Стоить (值) того, чтобы получить (得), — заслуживать.
人类	Вид (类) существ «человек» (人) — всё человечество.
经历	Пройти (经) через историю (历) — переживать; жизненный опыт.
紧张	Тугой (紧) и растянутый (张), как струна, — напряжённый.
事实	Реальное (实) дело (事), которое было на самом деле, — факт.
本来	Из корня (本) пришло (来) — первоначально, изначально.
基本	Основа (基) и корень (本) — основной; в основном.
专家	Специальный (专) мастер (家 — «дом», но и «специалист») — эксперт.
以来	С (以) тех пор, как пришло (来), — с тех пор, на протяжении.
反应	Обратный (反) ответ (应) на воздействие — это реакция.
地区	Земля (地), поделённая на районы (区), — это регион.
关注	Связать (关) с собой и обратить внимание (注) — следить, уделять внимание.
表演	Показывать (表) и выступать (演) — представление.
警察	Предупреждать (警) и наблюдать (察) — полиция.
价值	Цена (价) и то, сколько вещь стоит (值), — её ценность.
相当	Друг другу (相) соответствовать (当) — соответствующий; а также «довольно».
困难	Затруднять (困) и трудный (难) — трудность.
专业	Специальное (专) занятие (业) — специальность.
难道	Трудно (难) сказать (道, тут «говорить»)… — так звучит удивлённое «неужели?».
规定	Правило (规) определить (定) — предписывать; правило.
产生	Производить (产) и рождать (生) — порождать, возникать.
对方	Сторона (方) напротив (对) — другая сторона, партнёр.
状态	Форма (状) и поза (态), в которой что-то находится, — состояние.
环境	Окружающее (环) кольцом пространство (境) — окружающая среда.
建立	Построить (建) и поставить (立) — создавать, устанавливать.
更加	Ещё более (更) добавить (加) — ещё больше.
老板	Старший (老) за доской (板) прилавка — хозяин лавки, босс; это образ, а не этимология.
市场	Рыночная (市) площадь (场), где торгуют, — это рынок.
必要	Обязательно (必) нужно (要) — необходимый.
危险	Опасность (危) и опасный (险) — двойная опасность.
管理	Управлять (管) и наводить порядок (理) — управление.
适合	Подходить (适) и сходиться (合) — как раз подходит.
正式	Правильный (正) образец (式) — официальный.
从来	С (从) самого прихода (来) — всегда; а с 不 — «никогда».
实际上	Реальная (实) граница (际) — это действительность, а 上 (верх) значит «в»: в действительности.
达到	Достичь (达) и прибыть (到) к цели — значит достигать.
现实	То, что сейчас (现) реально (实) существует, — реальность.
不断	Не (不) рвётся (断), тянется как нить, — непрерывно.
媒体	Посредник (媒) в форме (体) газеты или ТВ — СМИ.
内容	То, что вмещено (容) внутри (内), — содержание.
上面	Верхняя (上) сторона (面) — наверху, выше.
感情	Чувствовать (感) чувство (情) сердцем — это эмоции.
观众	Толпа (众), которая смотрит (观), — зрители.
变化	Менять (变) и превращаться (化) — изменение.
美丽	Красивый (美) и красивый (丽) — вдвойне прекрасный.
经验	Пройти (经) и проверить (验) на себе — опыт.
集中	Собрать (集) в центр (中) — сосредоточить.
理由	Разум (理) и причина (由) поступка — это довод.
感受	Чувствовать (感) и получать (受) — ощущать; впечатление.
完美	Законченно (完) красивый (美) — безупречный.
直到	Прямо (直) до (到) самой точки — значит вплоть до.
真实	Настоящий (真) и реальный (实) — подлинный.
后面	Задняя (后) сторона (面) чего-либо — значит сзади, позади.
错误	Ошибка (错) и ошибка (误) — двойная ошибка.
记录	Запомнить (记) и записать (录) — запись, рекорд.
标准	Метка (标) точности (准), по которой всё сверяют, — стандарт.
职业	Должность (职) и занятие (业) — профессия.
精彩	Отборный (精) цвет (彩) — блестящий, великолепный.
范围	Рамки (范), которые окружают (围), — сфера.
事业	Дело (事) и занятие (业), которому отдана жизнь, — дело жизни.
痛苦	Боль (痛) и горечь (苦) вместе — это страдание.
速度	Мера (度) того, насколько быстро (速) движешься, — скорость.
文件	Письменная (文) штука (件) — документ, файл.
显然	Показано (显) так (然), что всем видно, — очевидно.
左右	Лево (左) и право (右) — «туда-сюда», отсюда и «около, приблизительно».
外面	Внешняя (外) сторона (面) чего-либо — значит снаружи.
效果	Результат (效) и плод (果) усилий — это эффект.
状况	Форма (状) и положение дел (况) — состояние, положение.
经济	Из древнего «управлять (经) миром и помогать (济) народу» — так появилось слово «экономика».
按照	Нажимать (按) и светить (照) — оба знака значат ещё и «по»: в соответствии с.
有效	Имеет (有) результат (效), работает — значит действенный.
反对	Обратно (反) к (对) чему-то — быть против, возражать.
作品	Сделанный (作) мастером товар (品) — это произведение.
时代	Время (时), сменяющее эпохи (代), — это эпоха, времена.
伟大	Великий (伟) и большой (大) одновременно — значит великий.
哈哈	Звук смеха «ха» (哈), повторённый дважды, — «ха-ха».
充满	Заполнить (充) до полного (满) — быть полным.
要是	Хотеть (要) тут значит «если», а быть (是) — лишь опора: вместе разговорное «если».
增加	Увеличить (增) и добавить (加) — увеличивать(ся).
成员	Тот, кто стал (成) членом (员) группы, — её участник.
保险	Охранять (保) от опасного (险) — страхование; надёжный.
年代	Годы (年) эпохи (代) — десятилетие: 八十年代 — восьмидесятые.
领导	Вести (领) и направлять (导) — руководить; руководитель.
胜利	Победить (胜) и получить выгоду (利) — это победа.
受伤	Получить (受) рану (伤) — получить травму.
程度	Порядок (程) и мера (度) — степень, уровень.
下面	Нижняя (下) сторона (面) чего-либо — значит внизу, ниже.
理论	Рассуждение (论) о разумном (理) — теория.
不仅	Не (不) лишь (仅) это, но и другое — значит не только.
宣布	Объявить (宣) и расстелить, как ткань (布), для всех — объявлять.
姑娘	Тётя (姑) плюс девушка (娘) — просто «девушка», обращение к молодой.
创造	Создать (创) и построить (造) новое — значит творить.
艺术	Искусство (艺) и приём (术) мастера — вместе искусство.
麻烦	Спутанная, как конопля (麻), докука (烦) — хлопоты; беспокоить.
事故	Дело (事) и беда-причина (故) — происшествие, авария.
美好	Красивый (美) и хороший (好) — прекрасный.
抓住	Схватить (抓) и закрепить (住 после глагола — «прочно, на месте») — ухватиться.
武器	Военный (武) прибор (器), инструмент войны, — оружие.
各种	Каждый (各) вид (种) по отдельности — всевозможные.
思想	Думать (思) и думать (想) — мысль, идеология.
破坏	Сломать (破) и испортить (坏) — разрушать.
消失	Исчезнуть (消) и потеряться (失) — исчезать.
害怕	Вредить (害) и бояться (怕) — бояться вреда.
满足	Полно (满) и достаточно (足) — удовлетворять; доволен.
等待	Ждать (等) и ещё раз ждать (待) — двойное ожидание.
演出	Выступить (演), выйдя (出) на сцену, — спектакль.
事实上	Дело (事) реальное (实) — это факт, а 上 (верх) значит «в»: на самом деле.
超级	Превышающий (超) класс (级) — супер-, сверх-.
设备	Устроенное (设) и приготовленное (备) — оборудование.
世纪	Поколения (世) в записи (纪) эпох — счёт по сто лет: век.
制造	Изготовить (制) и построить (造) — производить.
对手	Рука (手), что стоит напротив (对), — твой соперник.
不得不	Не (不, дважды) может получить (得) «не делать» — двойное отрицание: вынужден.
当地	Быть (当) на этой земле (地), прямо здесь, — значит местный.
大概	В общем (概) и крупно (大) — примерно; вероятно.
共同	Вместе (共) и одинаково (同) — общий, совместный.
杂志	Смешанные (杂) записи (志, тут в старом значении «записи») — журнал.
停止	Остановиться (停) и остановиться (止) — прекращать.
文化	Письменность (文), которая превращает (化) людей, — культура.
具体	Имеющий (具 — тут «иметь») тело (体) — конкретный.
演员	Работник (员), который выступает (演) на сцене, — актёр.
周围	Круг (周), что окружает (围), — вокруг, окрестность.
奇怪	Странный (奇) и странный (怪) — вдвойне странно.
复杂	Повторяющийся (复) и смешанный (杂) — сложный.
表达	Показать (表) так, чтобы дошло (达), — выражать.
慢慢	Медленный (慢), повторённый дважды, — медленно-медленно, постепенно.
确保	Точно (确) охранять (保), чтобы ничего не сорвалось, — гарантировать.
队员	Член (员) команды (队) — игрок или участник отряда.
足够	Достаточно (足) и хватает (够) — вполне достаточно.
咖啡	Запись звуков слова «кофе»: 咖 и 啡 с ключом «рот» передают «ка-фэй».
采取	Собрать (采) и взять (取) в руки нужное — принять меры.
意外	То, что вне (外) твоих мыслей (意), — неожиданность.
风险	Ветер (风) и опасность (险) — риск, как в море.
时刻	Время (时) и четверть часа (刻) — момент; «в каждый момент» — всегда.
观察	Наблюдать (观) и наблюдать (察) — внимательно смотреть.
千万	Тысяча (千) и десять тысяч (万) — «тысячу раз прошу»: непременно.
接近	Встретить (接) вблизи (近) — приближаться.
重大	Важный (重) и большой (大) — значительный.
表明	Показать (表) ясно (明) — свидетельствовать.
持续	Держать (持) и продолжать (续) без перерыва — длиться.
具有	Иметь (具 — тут «обладать») и иметь (有) — обладать.
和平	Согласие (和) и ровность (平) без бурь — это мир.
发表	Выпустить (发) и показать (表) — публиковать.
相关	Взаимно (相) связанный (关) — относящийся.
价格	Цена (价) по стандарту (格), написанная на ценнике, — цена.
前面	Передняя (前) сторона (面) чего-либо — значит впереди.
简直	Просто (简) и прямо (直), без оговорок, — прямо-таки.
强大	Сильный (强) и большой (大) одновременно — мощный.
证据	Удостоверение (证), на которое опираются (据), — доказательство.
交流	Передавать (交), как течёт (流) поток, — обмениваться, общаться.
幸运	Удача (幸) движется (运 — ещё и «судьба») к тебе — везение.
制作	Изготовить (制) и сделать (作) — производить.
教练	Тот, кто учит (教) тренироваться (练), — тренер.
公开	Открыть (开) для всех (公) — публичный; обнародовать.
资金	Средства (资) и деньги (金) для дела — это капитал.
