⺀	лёд (капли)
⺌	малое (верх «小»)
⺮	бамбук
⺼	плоть, мясо
丶	точка
丷	два штриха
丿	штрих влево
刀	нож
力	сила
勹	обёртка
厂	навес, утёс
士	воин, учёный
夂	идти следом
夊	медленный шаг
寸	вершок (мера), рука
尢	хромой
尸	тело, труп
己	сам
干	щит, сухой
广	дом под навесом
弓	лук
彡	волосы, узор
忄	сердце
户	дверь, дом
扌	рука
攵	стук, действие
文	письмо, текст
斤	топор
方	сторона, квадрат
曰	говорить
止	остановиться, стопа
殳	копьё, бить
母	мать
比	сравнивать
气	пар, воздух
氵	вода
氺	вода
片	пластина
牛	бык
王	правитель, нефрит
瓜	тыква, дыня
甘	сладкий
用	использовать
疒	болезнь
皿	посуда
矢	стрела
石	камень
示	алтарь, знак
礻	алтарь, дух
禸	след зверя
穴	пещера, нора
立	стоять
糸	шёлк, нить
网	сеть
羊	овца
耂	старик
而	борода; и, но
肉	мясо
自	сам, нос
舛	противоположность
舟	лодка
色	цвет
虫	насекомое
行	идти, ряд
衤	одежда
覀	закрывать
角	рог, угол
贝	раковина, деньги
走	ходить
足	нога
身	тело
酉	кувшин, вино
里	внутри, деревня
长	длинный
青	синий, зелёный
非	не, нет
面	лицо
革	кожа
音	звук
页	страница, голова
飞	летать
香	аромат
鸟	птица
黄	жёлтый
鼻	нос
乂	косить, резать
可	мочь, можно
彐	свиная голова
不	не
且	кроме того
丁	гвоздь, четвёртый
巴	змея, прижать
旦	рассвет
元	начало
艮	упорный, граница
乚	крючок
中	центр
夬	решать
隹	птичка
卩	печать, колено
合	соединять
亥	свинья (знак зодиака)
勿	не надо
疋	ткань, нога
亡	гибнуть
自	сам
云	облако
冬	зима
各	каждый
凶	зловещий
占	гадать
令	приказ
交	пересекаться
奇	странный
乍	вдруг
主	хозяин
氏	род, клан
昔	прежде
监	надзирать
至	достигать
弟	младший брат
丂	вздох
召	звать
井	колодец
包	обёртывать
毛	шерсть, волос
上	верх
是	быть
先	раньше
⺈	обёртка (вариант 刀)
取	брать
争	бороться
豆	бобы, сосуд
柬	выбирать, письмо
古	древний
竟	наконец
及	достигать
佥	все вместе
圭	жезл
两	два
娄	скорбь, часто
风	ветер
入	входить
卜	гадание
廾	две руки
瓦	черепица, глина
食	еда
言	слово, речь
歹	кости, зло
血	кровь
金	золото, металл
支	ветвь
皮	кожа
麻	конопля
龙	дракон
廴	длинный шаг
釆	различать
豕	свинья
缶	глиняный кувшин
齐	ровный
民	народ
首	голова
㔾	печать, колено
犬	собака
丬	доска, щепка
幺	нить, мелкое
⺊	гадание
匸	закрытый ящик
弋	кол, колышек
