爱	любить
八	восемь
爸爸	папа
杯子	чашка, стакан
北京	Пекин
本	штука (сч. слово для книг)
不	не, нет
不客气	не за что
菜	блюдо, овощи
茶	чай
吃	есть, кушать
出租车	такси
打电话	звонить по телефону
大	большой
的	(частица определения)
点	час (о времени); заказывать; точка
电脑	компьютер
电视	телевизор
电影	фильм, кино
东西	вещь, предмет
都	все, всё; уже
读	читать
对不起	извините, простите
多	много
多少	сколько
儿子	сын
二	два
饭馆	ресторан
飞机	самолёт
分钟	минута
高兴	радостный, рад
个	(универсальное сч. слово)
工作	работа; работать
狗	собака
汉语	китайский язык
好	хороший, хорошо
喝	пить
和	и, с
很	очень
后面	сзади, позади
回	возвращаться
会	уметь; мочь; будет
火车站	железнодорожный вокзал
几	сколько (до десяти)
家	дом, семья
叫	звать, называться
今天	сегодня
九	девять
开	открывать; включать
看	смотреть, читать
看见	увидеть
块	юань (разг.); кусок
来	приходить
老师	учитель
了	(частица завершённости)
冷	холодный
里	внутри
零	ноль
六	шесть
妈妈	мама
吗	(вопросительная частица)
买	покупать
猫	кошка
没	не (иметь), нет
没关系	ничего страшного
米饭	варёный рис
名字	имя
明天	завтра
哪	какой? который?
那	тот, то
呢	(частица: а как насчёт…?)
能	мочь, уметь
你	ты
年	год
女儿	дочь
朋友	друг
漂亮	красивый
苹果	яблоко
七	семь
前面	впереди
钱	деньги
请	пожалуйста; просить, приглашать
去	идти, ехать
热	жаркий, горячий
人	человек
认识	знать (кого-то), быть знакомым
日	день, число
三	три
商店	магазин
上	верх; на, вверх
上午	утро, первая половина дня
少	мало
什么	что? какой?
十	десять
时候	время, момент
是	быть, являться
书	книга
谁	кто
水	вода
水果	фрукты
睡觉	спать
说话	говорить, разговаривать
四	четыре
岁	год (о возрасте)
他	он
她	она
太	слишком, очень
天气	погода
听	слушать
同学	одноклассник, однокурсник
喂	алло
我	я
我们	мы
五	пять
喜欢	нравиться, любить
下	низ; под, вниз
下午	после полудня
下雨	идёт дождь
先生	господин; муж
现在	сейчас
想	хотеть, думать, скучать
小	маленький
小姐	девушка, госпожа
些	несколько, немного
写	писать
谢谢	спасибо
星期	неделя
学生	ученик, студент
学习	учиться
学校	школа
一	один
衣服	одежда
医生	врач
医院	больница
椅子	стул
有	иметь, есть
月	месяц, луна
再见	до свидания
在	находиться; в, на
怎么	как? почему?
怎么样	как (дела)? как насчёт?
这	этот, это
中国	Китай
中午	полдень
住	жить, проживать
桌子	стол
字	иероглиф, буква
昨天	вчера
坐	сидеть; ехать (на транспорте)
做	делать
吧	(частица предложения, предположения)
白	белый
百	сто
帮助	помогать, помощь
报纸	газета
比	сравнивать; чем
便宜	дешёвый
别	не надо; другой
唱歌	петь
出	выходить
穿	носить (одежду)
船	лодка, корабль
次	раз (сч. слово)
从	от, из, с
错	ошибка; неправильный
打篮球	играть в баскетбол
大家	все, всем
但是	но, однако
到	прибывать, до
得	(частица результата)
弟弟	младший брат
第一	первый
懂	понимать
房间	комната
非常	очень, чрезвычайно
服务员	официант, обслуживающий персонал
高	высокий
告诉	сообщать, говорить
哥哥	старший брат
给	давать; для
公共汽车	автобус
公斤	килограмм
公司	компания, фирма
贵	дорогой
还	ещё; всё ещё
孩子	ребёнок
好吃	вкусный
号	число (даты); номер
黑	чёрный
红	красный
欢迎	приветствовать, добро пожаловать
回答	отвечать, ответ
机场	аэропорт
鸡蛋	куриное яйцо
件	штука (сч. слово для вещей, одежды)
教室	класс, аудитория
介绍	представлять, знакомить
姐姐	старшая сестра
近	близкий
进	входить
就	уже, тогда, именно
觉得	думать, чувствовать
咖啡	кофе
开始	начинать, начало
考试	экзамен, сдавать экзамен
可能	возможно; возможность
可以	можно; мочь
课	урок, занятие
快	быстрый, скоро
快乐	счастливый, весёлый
累	уставший
离	от (о расстоянии); отделяться
两	два (при счёте предметов)
路	дорога, путь
旅游	путешествовать, туризм
卖	продавать
慢	медленный
忙	занятой
每	каждый
妹妹	младшая сестра
门	дверь, ворота
男人	мужчина
您	вы (вежливо)
牛奶	молоко
女人	женщина
旁边	рядом, сбоку
跑步	бегать
票	билет
妻子	жена
起床	вставать с постели
千	тысяча
晴	ясный (о погоде)
去年	прошлый год
让	позволять, заставлять
上班	идти на работу
身体	тело, здоровье
生病	заболеть
生日	день рождения
时间	время
事情	дело, событие
手表	наручные часы
手机	мобильный телефон
送	дарить; провожать; доставлять
所以	поэтому
它	оно (о предмете, животном)
踢	бить ногой, пинать
题	вопрос, задача
跳舞	танцевать
外	снаружи
完	закончить
玩	играть, развлекаться
晚上	вечер
为	для, ради
问	спрашивать
问题	вопрос, проблема
希望	надеяться, надежда
洗	мыть, стирать
西瓜	арбуз
向	к, в сторону
小时	час (продолжительность)
笑	смеяться, улыбаться
新	новый
姓	фамилия; зваться по фамилии
休息	отдыхать
雪	снег
颜色	цвет
眼睛	глаза
羊肉	баранина
药	лекарство
要	хотеть; нужно; собираться
也	тоже, также
一起	вместе
已经	уже
意思	смысл, значение
因为	потому что
阴	пасмурный
游泳	плавать
右边	справа
鱼	рыба
元	юань (денежная единица)
远	далёкий
运动	спорт, движение
再	снова, ещё раз
早上	утро
张	(сч. слово для плоских предметов)
长	длинный
丈夫	муж
找	искать
着	(частица длительности)
真	правда, действительно
正在	как раз (делать)
知道	знать
准备	готовить(ся)
自行车	велосипед
走	идти, уходить
最	самый
左边	слева
阿姨	тётя (обращение к женщине); няня
啊	(частица эмоции)
矮	низкий (о росте)
爱好	увлечение, хобби
安静	тихий, спокойный
把	(частица дополнения); взять
班	класс, группа
搬	переносить; переезжать
办法	способ, метод
办公室	офис, кабинет
半	половина
帮忙	помогать
包	сумка; пакет; булочка
饱	сытый
北方	север
被	(частица страдательного залога)
鼻子	нос
比较	сравнительно, довольно
比赛	соревнование, матч
必须	обязательно, должен
变化	изменение, меняться
表示	выражать, означать
表演	выступление, представление
别人	другие, другой человек
宾馆	гостиница
冰箱	холодильник
才	только (что); лишь тогда
菜单	меню
参加	участвовать
草	трава
层	этаж; слой
差	плохой; не хватает
超市	супермаркет
衬衫	рубашка
成绩	результат, оценка
城市	город
迟到	опаздывать
出现	появляться
除了	кроме
厨房	кухня
春	весна
词语	слово, лексика
聪明	умный
打扫	убирать
打算	планировать
带	брать с собой; приводить
担心	беспокоиться
蛋糕	торт, пирожное
当然	конечно
地	(частица наречия); земля
地方	место
地铁	метро
地图	карта
灯	лампа, свет
低	низкий
电梯	лифт
电子	электронный
东	восток
冬	зима
动物	животное
短	короткий
段	отрезок, часть
锻炼	тренироваться, закаляться
多么	как (сильно), до чего
饿	голодный
而且	а также, кроме того
耳朵	ухо
发烧	иметь температуру
发现	обнаружить, заметить
方便	удобный
放	класть, ставить
放心	не волноваться, успокоиться
分	минута; балл; делить
附近	поблизости
复习	повторять (пройденное)
敢	осмеливаться
感冒	простуда, простудиться
干净	чистый
刚才	только что
根据	согласно, на основании
跟	с; следовать за
更	ещё более
公园	парк
故事	история, рассказ
刮	дуть (о ветре); скрести
关	закрывать; выключать
关系	отношения, связь
关心	заботиться, интересоваться
关于	о, относительно
国家	страна, государство
果汁	фруктовый сок
过去	в прошлом; проходить мимо
还是	или; всё-таки
害怕	бояться
河	река
黑板	школьная доска
护照	паспорт (загранпаспорт)
花	цветок; тратить
花园	сад
画	рисовать; картина
坏	плохой, сломанный
环境	окружающая среда, обстановка
换	менять
黄	жёлтый
会议	совещание, конференция
或者	или (в утверждении)
机会	шанс, возможность
极	крайне, чрезвычайно
几乎	почти
记得	помнить
季节	сезон, время года
检查	проверять, осматривать
简单	простой
见面	встречаться
健康	здоровый, здоровье
讲	рассказывать, объяснять
角	угол; цзяо (1/10 юаня)
脚	нога, ступня
教	учить, преподавать
接	встречать; принимать
街道	улица
节目	программа, передача
节日	праздник
结婚	жениться, выходить замуж
结束	закончиться, завершать
解决	решать (проблему)
借	одалживать; брать взаймы
经常	часто
经过	проходить; в результате
经理	менеджер, директор
久	долго
旧	старый (о вещах)
举行	проводить (мероприятие)
句子	предложение
决定	решать, решение
可爱	милый
渴	испытывать жажду
刻	четверть часа
客人	гость
空调	кондиционер
口	рот; сч. слово для членов семьи
哭	плакать
裤子	брюки
筷子	палочки для еды
蓝	синий, голубой
老	старый; (приставка к фамилии)
了解	понимать, знать (о ком-то)
离开	уходить, покидать
礼物	подарок
历史	история
脸	лицо
练习	упражняться, упражнение
辆	(сч. слово для транспорта)
邻居	сосед
楼	здание, этаж
绿	зелёный
马	лошадь
马上	сейчас же, немедленно
满意	удовлетворён
帽子	шапка, шляпа
米	метр; рис
面包	хлеб
面条	лапша
明白	понимать; ясный
拿	брать, держать
奶奶	бабушка
南	юг
难	трудный
难过	грустно, тяжело
年级	класс, курс (учебный год)
年轻	молодой
鸟	птица
努力	стараться; усердно
爬山	ходить в горы, подниматься на гору
盘子	тарелка, блюдо
胖	толстый, полный
啤酒	пиво
葡萄	виноград
普通话	путунхуа (стандартный китайский)
其实	на самом деле
其他	другие, остальные
奇怪	странный
骑	ездить верхом
铅笔	карандаш
清楚	ясный, понятный
秋	осень
裙子	юбка
然后	потом, затем
热情	радушный, сердечный
认为	считать, полагать
认真	серьёзный, старательный
容易	лёгкий, простой
如果	если
伞	зонт
上网	выходить в интернет
生气	сердиться
声音	голос, звук
使	заставлять, делать так, что
世界	мир
瘦	худой
叔叔	дядя (младший брат отца)
舒服	удобный, комфортный
树	дерево
数学	математика
刷	чистить щёткой
双	пара (сч. слово)
水平	уровень
司机	водитель
虽然	хотя
太阳	солнце
糖	сахар, конфета
特别	особенный; особенно
疼	болеть; больно
提高	повышать, улучшать
体育	физкультура, спорт
甜	сладкий
条	(сч. слово для длинных предметов)
同事	коллега
同意	соглашаться
头发	волосы
突然	вдруг, внезапно
图书馆	библиотека
腿	нога (от бедра)
完成	завершить, выполнить
碗	миска, чашка
万	десять тысяч
忘记	забывать
为了	чтобы, ради
为什么	почему
位	(вежливое сч. слово для людей)
文化	культура
习惯	привычка; привыкать
洗手间	туалет
洗澡	принимать душ, купаться
西	запад
夏	лето
先	сначала
相同	одинаковый
相信	верить, доверять
香蕉	банан
像	быть похожим; как
小心	осторожно, быть осторожным
校长	директор школы, ректор
鞋	обувь
新闻	новости
新鲜	свежий
信	письмо
行李箱	чемодан
兴趣	интерес
熊猫	панда
需要	нуждаться, требоваться
选择	выбирать, выбор
眼镜	очки
要求	требовать, требование
爷爷	дедушка
一般	обычно, обычный
一边	с одной стороны; одновременно
一定	обязательно, непременно
一共	всего, в общей сложности
一会儿	немного, ненадолго
一样	одинаковый, такой же
一直	всё время, прямо
以后	после, потом
以前	раньше, до
以为	думать (ошибочно)
音乐	музыка
银行	банк
应该	следует, должен
影响	влиять, влияние
用	использовать
游戏	игра
有名	известный
又	опять, снова
遇到	встретить, столкнуться
愿意	хотеть, быть готовым
月亮	луна
越	чем… тем (越…越…)
云	облако
站	станция; стоять
照顾	заботиться, ухаживать
照片	фотография
照相机	фотоаппарат
着急	волноваться, спешить
只	только; (сч. слово для животных)
中间	середина, посередине
终于	наконец-то
种	вид, сорт; сажать
重要	важный
周末	выходные
主要	главный, основной
注意	обращать внимание, быть внимательным
祝	желать, поздравлять
字典	словарь иероглифов
自己	сам, себя
总是	всегда
最近	в последнее время
作业	домашнее задание
作用	роль, действие
