老太太	старушка, пожилая госпожа
老头儿	старик
乐	радость; радостный; смеяться
乐队	оркестр, группа
乐观	оптимистичный
类	вид, категория
类似	подобный, сходный
离婚	развестись
里面	внутри
理发	стричься, делать стрижку
理解	понимать
理论	теория
理由	причина, довод
力	сила
力量	сила, мощь
立刻	немедленно
利用	использовать
连	даже; соединять; подряд
连忙	поспешно
连续	непрерывно, подряд
连续剧	многосерийный фильм
联合	объединять(ся); совместный
联合国	Организация Объединённых Наций
联系	связываться; связь
凉水	холодная (сырая) вода
领	воротник; вести
领导	руководить; руководитель
领先	лидировать
另外	кроме того, другой
另一方面	с другой стороны
留学	учиться за границей
龙	дракон
录	записывать
录音	звукозапись; записывать звук
路线	маршрут
旅馆	гостиница
旅行社	турагентство
绿茶	зелёный чай
乱	беспорядочный, хаотичный
落后	отставать; отсталый
麻烦	беспокоить; хлопотный, хлопоты
满足	удовлетворять; доволен
慢慢	медленно, постепенно
毛病	недостаток, поломка, болезнь
没用	бесполезный
媒体	СМИ, медиа
美	красивый
美好	прекрасный
美丽	красивый, прекрасный
美食	вкусная еда, деликатесы
美术	изобразительное искусство
美元	доллар США
迷	увлекаться; фанат
面对	встречать лицом к лицу, сталкиваться с
面积	площадь
民间	народный, среди народа
民族	народ, нация, этнос
明确	чёткий, ясный; уточнять
明显	очевидный
命运	судьба
某	некий, какой-то
母亲	мать
木头	дерево (материал), деревяшка
目标	цель
目前	в настоящее время
奶茶	чай с молоком
男子	мужчина
南部	южная часть
难道	неужели
难度	степень сложности
内	внутри, внутренний
内容	содержание
内心	внутренний мир, душа
能不能	может ли? можно ли?
能力	способность
年初	начало года
年代	эпоха, десятилетие
年底	конец года
年纪	возраст
念	читать вслух; думать, скучать
牛	бык, корова; крутой (разг.)
农村	деревня, сельская местность
农民	крестьянин
农业	сельское хозяйство
女子	женщина
暖和	тёплый; согреваться
拍	хлопать; снимать (фото, фильм)
排名	рейтинг, занимать место
牌子	вывеска, марка, бренд
派	направлять; группировка, течение
判断	оценивать, судить; суждение
配	сочетать, подходить; достойный
配合	сотрудничать, согласовывать
批评	критиковать
批准	утверждать, санкционировать
皮	кожа, шкура
皮包	кожаная сумка, портфель
票价	цена билета
评价	оценивать; оценка
破	сломанный, рваный; разбить
破坏	разрушать, портить
普遍	повсеместный, всеобщий
普及	распространять(ся), популяризировать
期	срок, период, выпуск
齐	ровный, одновременно, в полном составе
其次	во-вторых, затем
气候	климат
千万	непременно (в просьбах); десять миллионов
前后	примерно, вокруг (о времени); от начала до конца
前进	двигаться вперёд
前往	направляться
强	сильный
强大	мощный, сильный
强调	подчёркивать
强烈	сильный, яркий
桥	мост
巧	ловкий; кстати, случайно
亲	родной, близкий; целовать
亲切	сердечный, тёплый
亲人	близкие родственники
亲自	лично
情感	чувства, эмоции
情况	положение дел, ситуация
请教	просить совета
庆祝	праздновать
球迷	болельщик
区	район, зона
区别	различие; различать
取消	отменять
去世	скончаться
全场	весь зал, все присутствующие
全面	всесторонний
全球	весь мир, глобальный
缺	не хватать; недостаток
缺点	недостаток
缺少	не хватать, испытывать нехватку
确保	гарантировать, обеспечить
确定	определённый; определять
确实	действительно
群	группа, толпа
热爱	горячо любить
热烈	горячий, бурный
人才	талант, кадры
人工	искусственный; ручной труд
人类	человечество
人民	народ
人民币	юань (женьминьби)
人群	толпа
人生	жизнь (человека)
人员	персонал, работники
认出	узнать
认得	знать, узнавать (в лицо, иероглиф)
认可	признавать, одобрять
任	назначать; любой; срок службы
任何	любой
任务	задача, задание
仍	всё ещё
仍然	по-прежнему
日常	повседневный
如何	как, каким образом
散步	гулять, прогуливаться
沙发	диван
沙子	песок
伤	ранить; рана
伤心	огорчённый, грустный
商品	товар
商业	торговля, коммерция
上来	подниматься (сюда)
上面	наверху, выше
上去	подниматься (туда)
上升	повышаться
上衣	верхняя одежда, пиджак, кофта
设备	оборудование
设计	проектировать; дизайн
设立	учреждать
