直到	我直到十点才回家。	Я вернулся домой только в десять.
床	他在床上看书。	Он читает в постели.
弟弟	我弟弟喜欢打球。	Мой младший брат любит играть в мяч.
电话	你的电话是多少？	Какой у тебя телефон?
电视机	家里有一台电视机。	У нас дома есть телевизор.
记住	请记住我的名字。	Запомните, пожалуйста, моё имя.
男	这是男的。	Это мужчина.
先生	李先生在吗？	Господин Ли здесь?
边	门边有一个人。	У двери стоит человек.
变成	水变成雪了。	Вода превратилась в снег.
表	请看这张表。	Посмотрите, пожалуйста, на эту таблицу.
参观	我们去参观学校。	Мы идём осматривать школу.
车辆	这里不能走车辆。	Здесь нельзя ездить транспорту.
出现	门口出现了一个人。	У входа появился человек.
打工	放假时他去打工了。	На каникулах он подрабатывал.
带	出门别忘了带钱。	Выходя из дома, не забудь взять деньги.
道路	这条道路很大。	Эта дорога очень большая.
地球	我们生活在地球上。	Мы живём на Земле.
等到	等到明年，我就去北京。	Когда наступит следующий год, я поеду в Пекин.
干杯	来，为我们干杯！	Давайте, выпьем за нас!
坏处	玩儿手机太多对眼睛有坏处。	Слишком много играть в телефон вредно для глаз.
叫作	这个东西叫作电脑。	Эта вещь называется компьютер.
开机	手机开机要等一会儿。	Телефону нужно время, чтобы включиться.
可以	这儿可以坐吗？	Здесь можно сесть?
快点儿	快点儿，要晚了！	Скорее, мы опоздаем!
老是	他老是不在家。	Его всё время нет дома.
里头	包里头有什么？	Что в сумке?
旅游	放假我们去旅游。	На каникулах мы поедем путешествовать.
绿	这个苹果是绿的。	Это яблоко зелёное.
取	请去前面取东西。	Заберите, пожалуйста, вещи впереди.
全身	他全身都很累。	Он устал весь целиком.
少年	他是一个高兴的少年。	Он весёлый подросток.
食物	我们要好好用食物。	Мы должны бережно относиться к еде.
受到	他受到了大家的帮助。	Ему помогли все.
太太	李太太在家吗？	Госпожа Ли дома?
疼	我头疼。	У меня болит голова.
通过	我们通过电话联系。	Мы связываемся по телефону.
银行卡	我的银行卡不见了。	Моя банковская карта пропала.
油	这个菜有点儿多油。	В этом блюде слишком много масла.
院子	院子里有很多花。	Во дворе много цветов.
月亮	今天的月亮很大。	Сегодня луна очень большая.
怎么办	钱不见了怎么办？	Что делать, если пропали деньги?
做饭	妈妈在家做饭。	Мама готовит дома.
按	请按这个。	Нажмите, пожалуйста, на это.
保证	我保证以后早点儿来。	Обещаю, что впредь буду приходить пораньше.
背后	他在门背后。	Он за дверью.
被	我的书被他拿走了。	Мою книгу он забрал.
被子	天冷了，要多盖被子。	Похолодало, нужно накрываться одеялом потеплее.
表格	请写这张表格。	Заполните, пожалуйста, этот бланк.
不仅	他不仅高，而且很快。	Он не только высокий, но и быстрый.
采取	我们要采取这个办法。	Мы применим этот способ.
称为	这种菜被称为包子。	Это блюдо называют баоцзы.
创作	他喜欢创作新歌。	Он любит сочинять новые песни.
带领	老师带领学生去学校。	Учитель ведёт учеников в школу.
动力	兴趣是学习的力量。	Интерес — движущая сила учёбы.
断	这个东西断了。	Эта вещь сломалась.
防止	我们要防止出事故。	Мы должны предотвращать аварии.
赶快	赶快走，要晚了！	Быстрее идём, мы опаздываем!
公民	他是中国公民。	Он гражданин Китая.
合作	我们合作得很好。	Мы хорошо сотрудничаем.
后果	这样做的后果很大。	У этого последствия будут значительными.
后年	后年我要去北京。	Через год я поеду в Пекин.
化	雪化了。	Снег растаял.
会员	他是这个学校的会员。	Он член этого клуба при школе.
技术	这个技术很新。	Эта технология очень новая.
交警	交警在路口。	Сотрудник ГИБДД стоит на перекрёстке.
解开	他解开了这个问题。	Он разрешил этот вопрос.
困难	他有很多困难。	У него много трудностей.
老头儿	那个老头儿在公园里。	Тот старик в парке.
联合国	联合国是一个大组织。	ООН — большая организация.
领先	他们队现在领先。	Их команда сейчас лидирует.
龙	龙是中国人喜欢的动物。	Дракон — любимое животное китайцев.
麻烦	给你麻烦了。	Извини за беспокойство.
马	他有一匹马。	У него есть лошадь.
面对	我们要面对这个问题。	Мы должны встретить этот вопрос лицом к лицу.
民间	这是一首民间的歌。	Это народная песня.
球迷	球迷们都很高兴。	Болельщики очень рады.
确实	他确实很高。	Он действительно очень высокий.
热烈	大家热烈地说话。	Все оживлённо разговаривают.
死	这个人死了。	Этот человек умер.
所长	他是这个所的所长。	Он руководитель этого учреждения.
台	桌子上有一台电脑。	На столе стоит компьютер.
体现	这件事体现了他的想法。	Это дело отражает его мысли.
甜	这个水果很甜。	Этот фрукт очень сладкий.
图画	墙上有一张图画。	На стене висит картина.
推动	我们要推动这个工作。	Мы должны продвигать эту работу.
退出	他退出了这个小组。	Он вышел из этой группы.
外交	他在做外交工作。	Он занимается дипломатической работой.
危害	坏习惯危害健康。	Вредные привычки вредят здоровью.
先进	这是一个先进的办法。	Это передовой метод.
显示	这里显示了时间。	Здесь отображается время.
现金	你用现金还是用手机？	Вы платите наличными или телефоном?
形状	这个东西的形状很特别。	У этой вещи необычная форма.
烟	他不喜欢烟的味道。	Ему не нравится запах дыма.
银	这个东西是银的。	Эта вещь серебряная.
运输	这些东西用火车运输。	Эти вещи перевозят поездом.
造成	大雨造成了很多问题。	Сильный дождь вызвал много проблем.
中华民族	中华民族有很长的历史。	У китайской нации очень долгая история.
主任	李主任在办公室。	Заведующий Ли в кабинете.
抓住	他抓住了我的手。	Он схватил меня за руку.
追	他在追那个人。	Он гонится за тем человеком.
总是	他总是不在家。	Его всегда нет дома.
足球	他喜欢打足球。	Он любит играть в футбол.
被子	天冷了，我想买一个新被子。	Похолодало, хочу купить новое одеяло.
动力	学习需要动力。	Для учёбы нужна мотивация.
联合国	联合国有很多国家。	В ООН много стран.
马	山上有很多马。	В горах много лошадей.
中华民族	中华民族有五千年的文化。	У китайской нации пятитысячелетняя культура.
地	这块地很大。	Этот участок земли очень большой.
男	他是男的，她是女的。	Он мужчина, а она женщина.
那	那是我的书。	Вон то — моя книга.
中	书在包中。	Книга в сумке.
车辆	这条路上车辆很多。	На этой дороге много транспорта.
道路	这条道路很长。	Эта дорога очень длинная.
接到	我接到了他的电话。	Он мне позвонил.
件	我买了两件衣服。	Я купил два предмета одежды.
少数	只有少数人同意。	Согласны лишь немногие.
多数	多数人都同意。	Большинство людей согласны.
食物	食物很重要。	Еда очень важна.
亿	中国有十四亿人口。	В Китае живёт около 1,4 миллиарда человек.
带领	老师带领学生去公园。	Учитель ведёт учеников в парк.
后年	后年我要去北京。	Через два года я поеду в Пекин.
会员	我是这家书店的会员。	Я участник клубной программы этого книжного магазина.
工资	他的工资不低。	Его зарплата немаленькая.
后果	这样做的后果很大。	Последствия этого будут серьёзными.
歌声	她的歌声很好听。	Её пение звучит очень красиво.
乐	他乐得跳了起来。	Он так обрадовался, что подпрыгнул.
快速	他快速地跑了过去。	Он быстро пробежал мимо.
年纪	他年纪不大。	Он ещё молод.
开放	这个公园每天开放。	Этот парк открыт каждый день.
空调	房间里有空调。	В комнате есть кондиционер.
数量	书的数量很多。	Количество книг очень велико.
完整	这本书不完整。	Эта книга неполная.
抓	孩子抓着妈妈的手。	Ребёнок держится за мамину руку.
足球	他喜欢足球。	Он любит футбол.
性	他性急，说话很快。	Он вспыльчив и говорит быстро.
交警	交警在路口。	Дорожный полицейский стоит на перекрёстке.
