不必	时间还早，我们不必着急。	Ещё рано, нам незачем спешить.
现金	我身上没带现金。	У меня с собой нет наличных.
调整	请把椅子的高度调整一下。	Пожалуйста, отрегулируйте высоту стула.
糖	你的咖啡要加糖吗？	Тебе добавить сахар в кофе?
阳光	他是一个很阳光的男孩。	Он очень жизнерадостный парень.
领	这件衬衫的领子有点儿脏。	Воротник этой рубашки немного грязный.
紧急	情况紧急，快叫医生！	Ситуация экстренная, скорее зовите врача!
宣传	他们在网上宣传新电影。	Они рекламируют новый фильм в интернете.
优势	他的优势是英语说得好。	Его преимущество в том, что он хорошо говорит по-английски.
互相	同学们应该互相学习。	Одноклассникам следует учиться друг у друга.
科技	现代科技改变了我们的生活。	Современные технологии изменили нашу жизнь.
导演	这部电影是谁导演的？	Кто снял этот фильм?
印象	你对北京的印象怎么样？	Какое у тебя впечатление от Пекина?
烟	他去商店买了一包烟。	Он сходил в магазин и купил пачку сигарет.
生意	最近店里的生意怎么样？	Как в последнее время идут дела в магазине?
赶	他跑得很快，我赶不上他。	Он бегает быстро, я не могу его догнать.
存	这些照片我都存在电脑里了。	Все эти фотографии я сохранил в компьютере.
评价	你怎么评价这部电影？	Как ты оцениваешь этот фильм?
桥	过了这座桥就是我家。	Сразу за этим мостом мой дом.
迷	他最近迷上了画画。	В последнее время он увлёкся рисованием.
形象	这本书里的人物形象很真实。	Образы героев в этой книге очень правдоподобны.
上去	你先上去，我马上来。	Ты поднимайся первым, я сейчас приду.
仅仅	这仅仅是一个开始。	Это только начало.
商业	他想学商业管理。	Он хочет изучать управление бизнесом.
到达	我们下午三点到达机场。	Мы прибываем в аэропорт в три часа дня.
主任	我们的班主任是一位女老师。	Наш классный руководитель — женщина.
基础	他的英语基础很好。	У него хорошая база английского языка.
功能	这个功能怎么用？	Как пользоваться этой функцией?
生产	这种手机是在中国生产的。	Этот телефон произведён в Китае.
适应	你适应这里的天气了吗？	Ты привык к здешней погоде?
进展	这件事有什么新进展吗？	Есть ли какие-нибудь сдвиги в этом деле?
试验	新车要先试验，然后才能卖。	Новую машину сначала нужно испытать, и только потом можно продавать.
成长	这些年他成长了很多。	За эти годы он очень повзрослел.
游	这次去北京，我们游了很多地方。	В эту поездку в Пекин мы посетили много мест.
指导	谢谢您的指导！	Спасибо вам за наставления!
食品	这些食品对身体不好。	Эти продукты вредны для здоровья.
大约	我大约八点到家。	Я буду дома примерно в восемь.
联合	这部电影是两个国家联合拍的。	Этот фильм совместно сняли две страны.
铁	这张桌子是铁做的。	Этот стол сделан из железа.
录	我用手机录了他唱的歌。	Я записал на телефон, как он поёт.
提前	请提前十分钟到。	Пожалуйста, приходите на десять минут раньше.
组合	这两种颜色组合在一起很好看。	Эти два цвета красиво смотрятся вместе.
积极	我们要积极面对困难。	К трудностям нужно относиться позитивно.
强烈	中午的阳光很强烈。	В полдень солнце светит очень ярко.
争取	我会争取早点儿回来。	Я постараюсь вернуться пораньше.
汤	妈妈做的鸡蛋汤很好喝。	Яичный суп, который варит мама, очень вкусный.
恐怕	今天恐怕要下雨。	Боюсь, сегодня пойдёт дождь.
搬	我们下个月要搬家了。	В следующем месяце мы переезжаем.
自从	自从来到北京，我每天都很忙。	С тех пор как я приехал в Пекин, я каждый день очень занят.
命运	我们的命运在自己手里。	Наша судьба в наших руках.
女子	她参加了女子一百米比赛。	Она участвовала в женском забеге на сто метров.
类似	我以前也有过类似的问题。	У меня раньше тоже была похожая проблема.
尽量	我会尽量帮你的。	Я постараюсь помочь тебе, чем смогу.
及时	有问题要及时告诉老师。	Если возникают проблемы, нужно вовремя сообщать учителю.
专门	这是一家专门卖茶的店。	Это магазин, который торгует только чаем.
资格	你没有资格这样说我。	Ты не имеешь права так обо мне говорить.
工具	汽车是一种交通工具。	Автомобиль — это транспортное средство.
快速	这个手机可以快速充电。	Этот телефон можно быстро зарядить.
连续	这里已经连续下了一个星期的雨。	Здесь уже неделю подряд идёт дождь.
决赛	我们队进入了决赛！	Наша команда вышла в финал!
厂	这个厂有三百多个工人。	На этом заводе больше трёхсот рабочих.
形成	河水在这里形成了一个大湖。	Здесь река образовала большое озеро.
背后	不要在背后说别人。	Не обсуждай людей за их спиной.
配合	请配合我们的工作。	Пожалуйста, окажите содействие нашей работе.
显得	这件衣服让你显得更年轻。	В этой одежде ты выглядишь моложе.
亲自	这封信是他亲自写的。	Это письмо он написал лично.
公共	我每天坐公共汽车上班。	Я каждый день езжу на работу на автобусе.
费用	学习的费用由公司付。	Расходы на учёбу оплачивает компания.
自动	电脑会自动保存文件。	Компьютер автоматически сохраняет файлы.
明确	我们先明确一下每个人的任务。	Давайте сначала уточним задачи каждого.
结合	这首歌结合了中国和西方的音乐。	В этой песне сочетаются китайская и западная музыка.
当中	桌子放在房间当中。	Стол стоит посреди комнаты.
男子	他是男子篮球队的队员。	Он игрок мужской баскетбольной команды.
生存	这家小店在大城市里很难生存。	Этому маленькому магазину трудно выжить в большом городе.
胖	最近我胖了五斤。	В последнее время я поправился на два с половиной килограмма.
土	这里的土很适合种菜。	Здешняя почва хорошо подходит для выращивания овощей.
念	奶奶天天念着你呢。	Бабушка каждый день вспоминает о тебе.
进步	这次考试他有了很大的进步。	На этом экзамене он показал большой прогресс.
对待	他对待别人很热情。	Он относится к людям очень радушно.
村	村里的人都认识他。	В деревне его все знают.
现象	这种现象在大城市很普遍。	Это явление очень распространено в больших городах.
实力	这家公司的实力很强。	Это очень сильная компания.
缺	我们家什么都不缺。	У нас дома всего хватает.
主动	你应该主动跟老师说。	Тебе стоит самому поговорить с учителем.
甜	她笑起来很甜。	У неё очень милая улыбка.
服装	演员们穿着漂亮的服装。	Актёры одеты в красивые костюмы.
形式	我们用比赛的形式来学习。	Мы учимся в форме соревнования.
判断	我相信你的判断。	Я доверяю твоему суждению.
前往	前往机场的车已经到了。	Машина в аэропорт уже подъехала.
相互	好朋友要相互信任。	Хорошие друзья должны доверять друг другу.
成立	学校成立了一个足球队。	В школе создали футбольную команду.
现代	现代人每天都离不开手机。	Современные люди ни дня не могут прожить без телефона.
工资	公司下个月给我们加工资。	В следующем месяце компания повысит нам зарплату.
深刻	他对这个问题的认识很深刻。	Он очень глубоко понимает этот вопрос.
庆祝	我们怎么庆祝你的生日？	Как будем праздновать твой день рождения?
伤心	听到这个消息，她伤心地哭了。	Услышав эту новость, она горько заплакала.
眼前	眼前最重要的是准备考试。	Сейчас самое важное — готовиться к экзамену.
足球	我们一起去看足球比赛吧！	Пойдём вместе посмотрим футбольный матч!
全面	医生给他做了一次全面检查。	Врач провёл ему полное обследование.
体验	这是一次很特别的体验。	Это был очень необычный опыт.
话题	我们换个话题吧。	Давай сменим тему.
坚强	别哭，要坚强一点儿！	Не плачь, будь сильнее!
古	他喜欢看古书。	Он любит читать древние книги.
苹果	这些苹果多少钱一斤？	Почём эти яблоки за полкило?
银	他在比赛中得了银牌。	Он завоевал серебряную медаль на соревнованиях.
区别	我看不出它们有什么区别。	Я не вижу между ними никакой разницы.
合法	这家公司是合法经营的。	Эта компания работает легально.
羊	你吃过羊肉吗？	Ты когда-нибудь ел баранину?
将来	这些钱是为将来准备的。	Эти деньги отложены на будущее.
造	请用这个词造一个句子。	Пожалуйста, составьте предложение с этим словом.
个性	她穿的衣服很有个性。	Она одевается очень оригинально.
批准	这个计划还没有被批准。	Этот план ещё не утверждён.
前进	车在雨中慢慢前进。	Машина медленно движется вперёд под дождём.
啤酒	服务员，再来两瓶啤酒！	Официант, ещё две бутылки пива!
机器	这台机器坏了，要找人来修。	Эта машина сломалась, нужно позвать мастера.
公布	学校公布了新的规定。	Школа объявила новые правила.
工厂	他在一家工厂当工人。	Он работает рабочим на заводе.
指出	有人指出，这样做不安全。	Кто-то указал, что так делать небезопасно.
举办	我们下个月要举办一个音乐会。	В следующем месяце мы проводим концерт.
人才	他是一个难得的人才。	Он редкий талант.
看上去	这个菜看上去很好吃。	Это блюдо выглядит очень аппетитно.
环	这个城市三面环山。	Город с трёх сторон окружён горами.
双方	比赛双方都很努力。	Обе команды очень стараются.
离婚	他父母很早就离婚了。	Его родители развелись давным-давно.
退出	他因为受伤退出了比赛。	Из-за травмы он выбыл из соревнований.
支付	这笔钱我们已经支付了。	Эту сумму мы уже оплатили.
赶快	你病了，赶快去看医生吧。	Ты заболел, скорее иди к врачу.
整理	他正在整理照片。	Он разбирает фотографии.
吵	他们两个又吵架了。	Они опять поссорились.
丰富	读书可以丰富我们的生活。	Чтение обогащает нашу жизнь.
动力	你是我前进的动力。	Ты — то, что даёт мне силы идти вперёд.
温暖	你的话温暖了我的心。	Твои слова согрели мне сердце.
齐	大家一齐站了起来。	Все разом встали.
表面	他表面上很高兴，心里很难过。	Внешне он весел, но на душе ему грустно.
领先	这家公司在技术上领先。	Эта компания лидирует в технологиях.
作者	这篇文章的作者是一个学生。	Автор этой статьи — студент.
上升	今年公司的收入上升了很多。	В этом году доходы компании сильно выросли.
声明	他公开声明不参加比赛。	Он публично заявил, что не будет участвовать в соревнованиях.
围	很多人围在门口看。	У входа собралась толпа зевак.
路线	我们换一条路线吧。	Давай поедем другим маршрутом.
完整	请写出完整的句子。	Пожалуйста, пишите полные предложения.
谈判	谈判进行得很顺利。	Переговоры прошли очень гладко.
飞行	飞机在一万米的高度飞行。	Самолёт летит на высоте десять тысяч метров.
较	这里的东西价格较低。	Цены здесь сравнительно низкие.
纪念	人们用这种方式纪念他。	Так люди чтят его память.
福	有这样的孩子，你真有福气！	С таким ребёнком тебе очень повезло!
补	妈妈在给我补衣服。	Мама зашивает мне одежду.
赶到	医生很快就赶到了。	Врач быстро приехал.
公民	每个公民都应该关心国家的发展。	Каждый гражданин должен заботиться о развитии страны.
当初	你当初为什么来中国？	Почему ты тогда приехал в Китай?
分别	老师分别跟每个学生谈了话。	Учитель поговорил с каждым учеником по отдельности.
愿望	希望你的愿望能实现。	Надеюсь, твоё желание сбудется.
长期	这是一个长期的计划。	Это долгосрочный план.
数量	请检查一下数量对不对。	Пожалуйста, проверьте, правильное ли количество.
保留	这里还保留着很多老房子。	Здесь ещё сохранилось много старых домов.
相比	这两个人没法相比。	Этих двоих невозможно сравнивать.
深入	这个问题我们需要深入讨论。	Этот вопрос нам нужно обсудить глубже.
石油	石油的价格又上升了。	Цена на нефть снова выросла.
情感	他不太会表达自己的情感。	Он не очень умеет выражать свои чувства.
称为	人们把这里称为“花城”。	Люди называют это место «Городом цветов».
人群	他很快就消失在人群中了。	Он быстро исчез в толпе.
计算	这个问题用电脑计算更快。	Эту задачу быстрее посчитать на компьютере.
开发	公司正在开发新产品。	Компания разрабатывает новый продукт.
始终	他始终相信自己能成功。	Он всегда верил, что добьётся успеха.
争	你们别争了，听我说。	Хватит спорить, послушайте меня.
订	你订房间了吗？	Ты забронировал номер?
卫生	饭前洗手是好的卫生习惯。	Мыть руки перед едой — хорошая гигиеническая привычка.
富	这几年村里的人都富起来了。	За последние годы жители деревни разбогатели.
加强	学校要加强安全管理。	Школе нужно усилить контроль за безопасностью.
保安	他在一家公司当保安。	Он работает охранником в одной компании.
歌手	我最喜欢的歌手下个月来北京。	Мой любимый певец в следующем месяце приедет в Пекин.
实验室	实验室里不能吃东西。	В лаборатории нельзя есть.
开放	他是一个思想很开放的人。	Он человек очень широких взглядов.
各地	他去过中国各地。	Он побывал во всех уголках Китая.
性格	我和妹妹的性格很不一样。	У нас с сестрой совсем разные характеры.
团结	我们班的同学很团结。	Ребята в нашем классе очень дружные.
展开	大家对这个问题展开了讨论。	По этому вопросу развернулось обсуждение.
把握	你要把握好这次机会。	Тебе нужно не упустить этот шанс.
成就	这是我一生最大的成就。	Это самое большое достижение в моей жизни.
课程	这个学期你选了几门课程？	Сколько курсов ты выбрал в этом семестре?
看起来	看起来要下雨了。	Похоже, сейчас пойдёт дождь.
发动	他们发动大家一起帮助这个孩子。	Они призвали всех вместе помочь этому ребёнку.
果然	天气预报说今天有雨，果然下了。	Прогноз обещал дождь, и он действительно пошёл.
放到	你把我的手机放到哪儿了？	Куда ты положил мой телефон?
静	请大家静一静。	Прошу всех немного тише.
需求	我们要满足客人的需求。	Мы должны удовлетворять потребности клиентов.
只好	商店关门了，我们只好明天再来。	Магазин закрыт, придётся прийти завтра.
国内	他刚从国外回到国内。	Он только что вернулся из-за границы на родину.
谈话	经理想找你谈话。	Менеджер хочет с тобой поговорить.
传说	传说这个湖里住着一条龙。	По преданию, в этом озере живёт дракон.
转变	他对我的态度有了很大的转变。	Его отношение ко мне сильно изменилось.
能不能	我不知道他能不能来。	Не знаю, сможет ли он прийти.
至今	那天的事我至今还记得。	Я до сих пор помню, что случилось в тот день.
后果	你想过后果吗？	Ты подумал о последствиях?
打破	他不小心打破了一个碗。	Он нечаянно разбил миску.
上来	菜终于上来了！	Наконец-то подали блюда!
石头	这座房子是用石头造的。	Этот дом построен из камня.
主持	今天的晚会由她主持。	Сегодняшний вечер ведёт она.
访问	这次访问很成功。	Этот визит прошёл очень успешно.
先进	这家医院有很多先进的设备。	В этой больнице много передового оборудования.
才能	每个人都有自己的才能。	У каждого человека свои таланты.
文明	中国有五千年的文明。	Китайской цивилизации пять тысяч лет.
西部	他想去西部工作。	Он хочет поехать работать на запад страны.
玩具	我给儿子买了一个新玩具。	Я купил сыну новую игрушку.
防止	多洗手可以防止感冒。	Частое мытьё рук помогает уберечься от простуды.
年纪	您多大年纪了？	Сколько вам лет?
采用	这家工厂采用了新技术。	Этот завод внедрил новую технологию.
手指	我切菜的时候切到了手指。	Я порезал палец, когда резал овощи.
天空	晚上天空中有很多星星。	Вечером на небе много звёзд.
制度	我们学校有新的考试制度。	В нашей школе новая система экзаменов.
工业	这里以前是一个工业区。	Раньше здесь была промышленная зона.
广播	机场广播说飞机晚点了。	В аэропорту объявили, что самолёт задерживается.
从事	你从事什么工作？	Чем вы занимаетесь по работе?
改造	这条老街正在改造。	Эту старую улицу сейчас реконструируют.
制定	我们先制定一个学习计划。	Давайте сначала составим учебный план.
直播	我晚上要看足球比赛的直播。	Вечером я буду смотреть прямую трансляцию футбольного матча.
应当	学生应当按时完成作业。	Ученики должны вовремя выполнять домашние задания.
交往	他们已经交往两年了。	Они встречаются уже два года.
各自	我们各自付钱吧。	Давай каждый заплатит за себя.
不论	不论谁来，都要先打电话。	Кто бы ни пришёл, сначала нужно позвонить.
退休	退休以后，他每天去公园散步。	Выйдя на пенсию, он каждый день гуляет в парке.
成果	今天我们来看看大家的学习成果。	Сегодня посмотрим, каких результатов вы добились в учёбе.
概念	我对这个问题完全没有概念。	Я совершенно не имею представления об этом вопросе.
创作	这首歌是他二十岁时的创作。	Эту песню он сочинил в двадцать лет.
据说	据说明天会更冷。	Говорят, завтра будет ещё холоднее.
自身	我们要先提高自身的能力。	Сначала нужно повысить собственные способности.
整天	你别整天玩手机了！	Хватит целыми днями сидеть в телефоне!
去世	他去世的时候才五十岁。	Когда он скончался, ему было всего пятьдесят.
批评	他接受了大家的批评。	Он принял критику окружающих.
增长	今年学生人数增长了很多。	В этом году число учеников сильно выросло.
部长	他去年当上了部长。	В прошлом году он стал министром.
否认	他否认自己拿了钱。	Он отрицает, что брал деньги.
主意	你拿主意吧，我听你的。	Решай ты, я сделаю, как скажешь.
体会	请说说你的体会。	Расскажите, пожалуйста, что вы для себя поняли.
感冒	多穿点儿衣服，别感冒了。	Оденься потеплее, не простудись.
高速	这几年这个城市高速发展。	В последние годы этот город стремительно развивается.
观看	欢迎大家来观看我们的演出。	Приглашаем всех посмотреть наше выступление.
推进	我们要推进这个计划。	Нам нужно продвигать этот план.
安装	新家的灯已经安装好了。	Светильники в новой квартире уже установлены.
欢乐	新年给大家带来了欢乐。	Новый год принёс всем радость.
功夫	他花了很多功夫才学会。	Он потратил много сил, прежде чем научился.
团体	我们买的是团体票。	Мы купили групповые билеты.
房屋	这里的房屋价格很高。	Цены на жильё здесь очень высокие.
得分	他这次考试得分最高。	На этом экзамене он набрал больше всех баллов.
纪录	他创造了新的纪录。	Он установил новый рекорд.
游泳	你会不会游泳？	Ты умеешь плавать?
基本上	作业我基本上做完了。	Домашнее задание я в основном сделал.
农民	今年农民的收入增加了。	В этом году доходы крестьян выросли.
民族	每个民族都有自己的文化。	У каждого народа своя культура.
商品	这种商品现在很受欢迎。	Этот товар сейчас очень популярен.
属	这块地属于学校。	Этот участок земли принадлежит школе.
裤子	我能试一下这条裤子吗？	Можно примерить эти брюки?
运输	这里的交通运输很方便。	Транспортное сообщение здесь очень удобное.
传播	这个消息很快就传播开了。	Эта новость быстро распространилась.
好奇	我很好奇他会说什么。	Мне очень любопытно, что он скажет.
集体	我们明天集体去公园。	Завтра мы всем коллективом идём в парк.
预计	飞机预计十点到达。	Самолёт ожидается в десять часов.
落后	这个地方以前很落后。	Раньше это место было очень отсталым.
沙发	这个沙发坐着很舒服。	На этом диване очень удобно сидеть.
强调	医生强调要多休息。	Врач подчеркнул, что нужно больше отдыхать.
加快	我们得加快脚步，要晚了。	Надо прибавить шагу, а то опоздаем.
考验	这件事考验了他的能力。	Это дело стало проверкой его способностей.
分配	这些钱要怎么分配？	Как распределить эти деньги?
乐队	我们几个朋友组了一个乐队。	Мы с друзьями собрали группу.
演唱会	演唱会的票已经卖完了。	Билеты на концерт уже распроданы.
修改	这个计划还需要修改。	Этот план ещё нужно доработать.
演唱	他演唱的歌很受欢迎。	Песни в его исполнении очень популярны.
保存	这些老照片保存得很好。	Эти старые фотографии хорошо сохранились.
跳舞	我们一起去跳舞吧！	Пойдём вместе танцевать!
电视台	这个节目是哪个电视台的？	На каком телеканале идёт эта передача?
发明	电话是一个伟大的发明。	Телефон — великое изобретение.
播放	现在播放的是一首老歌。	Сейчас звучит старая песня.
邮件	我一会儿给你发邮件。	Я чуть позже пришлю тебе письмо.
突出	文章要突出重点。	В статье нужно выделить главное.
其次	健康最重要，其次是钱。	Главное — здоровье, а деньги уже потом.
乐观	情况不太乐观。	Ситуация не очень обнадёживающая.
会员	成为会员需要多少钱？	Сколько стоит стать членом клуба?
